{
"type": "FeatureCollection",
"name": "CITYMAPS_INTERKULTURELLE_TREFFPUNKTE",
"features": [
{ "type": "Feature", "properties": { "NAME": "Sentitreff", "GlobalId": "{8FF79328-ADA9-4DEF-B6DC-2A834691D983}" }, "geometry": { "type": "Point", "coordinates": [ 8.297409582459862, 47.051893811316916 ] } },
{ "type": "Feature", "properties": { "NAME": "HelloWelcome", "GlobalId": "{10D2C78D-F8B8-4EB6-80BD-3542D7BD8A56}" }, "geometry": { "type": "Point", "coordinates": [ 8.305778358734633, 47.047616416806989 ] } },
{ "type": "Feature", "properties": { "NAME": "Zusammenleben Maihof-Löwenplatz", "GlobalId": "{F7FF1FF5-F61A-48C0-8E86-0DD79D3A9CBC}" }, "geometry": { "type": "Point", "coordinates": [ 8.308549541590958, 47.063392289630201 ] } },
{ "type": "Feature", "properties": { "NAME": "Lili Centre", "GlobalId": "{EE3A384E-B556-41AD-8878-C097ECDE3373}" }, "geometry": { "type": "Point", "coordinates": [ 8.320498940166162, 47.044490247901251 ] } },
{ "type": "Feature", "properties": { "NAME": "Frauencafé", "GlobalId": "{AA1C7D92-9FBA-41EE-94EC-023CA267BD0A}" }, "geometry": { "type": "Point", "coordinates": [ 8.284843047432487, 47.058935818134742 ] } },
{ "type": "Feature", "properties": { "NAME": "Interkulturelle Bibliothek", "GlobalId": "{1EE7739B-0665-44E4-BA99-FDC1B25639D5}" }, "geometry": { "type": "Point", "coordinates": [ 8.305864051334991, 47.047588171281411 ] } },
{ "type": "Feature", "properties": { "NAME": "Kulturgruppe Reussbühl", "GlobalId": "{FC597C9B-0C83-4663-8E18-F646F4C32A59}" }, "geometry": { "type": "Point", "coordinates": [ 8.283094733982121, 47.064129662933034 ] } },
{ "type": "Feature", "properties": { "NAME": "Vicino Pavillon", "GlobalId": "{4905B8B2-ACAC-4A26-856A-2E4DBBCB441C}" }, "geometry": { "type": "Point", "coordinates": [ 8.306246359363296, 47.043381387947008 ] } }
]
}
