{
"type": "FeatureCollection",
"name": "CITYMAPS_KINDERGARTEN",
"features": [
{ "type": "Feature", "properties": { "NAME": "Kindergarten Maihofhalde", "ADRESSE": "Maihofhalde 7", "WEBSITE": "http:\/\/maihof.vsluzern.ch", "GlobalId": "{B97C3B9D-541F-4723-87C9-48331548CA61}" }, "geometry": { "type": "Point", "coordinates": [ 8.313580281622185, 47.065583315697999 ] } },
{ "type": "Feature", "properties": { "NAME": "Kindergarten Weggismatt I + II", "ADRESSE": "Libellenstrasse 45", "WEBSITE": "http:\/\/yellow.local.ch\/de\/d\/Luzern\/6004\/Kindergarten\/Weggismatt-I-u-II-AhCxm9hphPY73Sywj2YxMg", "GlobalId": "{A5F5BA3E-6C6F-4771-954D-431CD1B08BE2}" }, "geometry": { "type": "Point", "coordinates": [ 8.307476098839402, 47.063801902892244 ] } },
{ "type": "Feature", "properties": { "NAME": "Kindergarten Würzenbach I + II", "ADRESSE": "Kreuzbuchstrasse 60", "WEBSITE": "http:\/\/wuerzenbach.vsluzern.ch", "GlobalId": "{581F4B5E-AF71-42D6-87CB-DEDCD2CD3DC7}" }, "geometry": { "type": "Point", "coordinates": [ 8.34284516800753, 47.053962674895537 ] } },
{ "type": "Feature", "properties": { "NAME": "Kindergarten Waldheim", "ADRESSE": "Hirtenhofstrasse 29", "WEBSITE": "http:\/\/de.yelp.ch\/biz\/kindergarten-waldheim-luzern", "GlobalId": "{059D6D22-13FD-47E1-96BA-190C99EDC466}" }, "geometry": { "type": "Point", "coordinates": [ 8.32571160361851, 47.03456746818194 ] } },
{ "type": "Feature", "properties": { "NAME": "Kindergarten Bramberg", "ADRESSE": "Geissmattstrasse 39", "WEBSITE": "http:\/\/www.swissguide.ch\/de\/Schule-Weiterbildung\/Luzern\/1532116_bramberg.html", "GlobalId": "{9215ACB0-4995-4562-83BE-D7A311DAE05A}" }, "geometry": { "type": "Point", "coordinates": [ 8.299107851310588, 47.057039210507703 ] } },
{ "type": "Feature", "properties": { "NAME": "Kindergarten Geissmatthöhe I + II", "ADRESSE": "Geissmatthöhe 8", "WEBSITE": "http:\/\/stkarli.vsluzern.ch\r\nhttp:\/\/stkarli.vsluzern.ch\r\nhttp:\/\/stkarli.vsluzern.ch", "GlobalId": "{8C5D8D2B-E77C-433F-8C99-7B5B20B5533D}" }, "geometry": { "type": "Point", "coordinates": [ 8.297666240834124, 47.056579896006973 ] } },
{ "type": "Feature", "properties": { "NAME": "Kindergarten Felsberg I + II", "ADRESSE": "Felsberstrasse 10", "WEBSITE": "http:\/\/felsberg.vsluzern.ch", "GlobalId": "{C0800B55-148E-436D-8C66-BF7A1AB068BF}" }, "geometry": { "type": "Point", "coordinates": [ 8.313267978383958, 47.05817363091775 ] } },
{ "type": "Feature", "properties": { "NAME": "Kindergarten Fluhmühle II", "ADRESSE": "Fluhmühlerain 12", "WEBSITE": "http:\/\/fluhmuehle.vsluzern.ch", "GlobalId": "{47852BF0-2017-4F8F-8C71-607C9023433F}" }, "geometry": { "type": "Point", "coordinates": [ 8.283896185233653, 47.056523600902224 ] } },
{ "type": "Feature", "properties": { "NAME": "Kindergarten Eichenstrasse", "ADRESSE": "Eichenstrasse 22", "WEBSITE": "http:\/\/ruopigen.vsluzern.ch", "GlobalId": "{3CF7D6EB-EB35-4083-8CBE-7BA21DCC9AFE}" }, "geometry": { "type": "Point", "coordinates": [ 8.277803519326666, 47.06028238678654 ] } },
{ "type": "Feature", "properties": { "NAME": "Kindergarten Obergeissenstein I + II", "ADRESSE": "Dorfstrasse 32a", "WEBSITE": "http:\/\/geissenstein.vsluzern.ch", "GlobalId": "{75BC165F-F3C9-4367-9300-D71F7D9F7F17}" }, "geometry": { "type": "Point", "coordinates": [ 8.315750044803478, 47.03729756772929 ] } },
{ "type": "Feature", "properties": { "NAME": "Kindergarten Büttenen Basisstufe", "ADRESSE": "Büttenenstrasse 23", "WEBSITE": "http:\/\/buettenen.vsluzern.ch", "GlobalId": "{1F939979-34D3-4987-BB8B-A89E4A7AD62E}" }, "geometry": { "type": "Point", "coordinates": [ 8.353088661183708, 47.053464218439395 ] } },
{ "type": "Feature", "properties": { "NAME": "Kindergarten Dula I + II", "ADRESSE": "Bruchstrasse 78", "WEBSITE": "http:\/\/saeli.vsluzern.ch", "GlobalId": "{209DF4B0-0CCA-4E3E-9585-5FE3FE7BD659}" }, "geometry": { "type": "Point", "coordinates": [ 8.303061193752107, 47.046587005867302 ] } },
{ "type": "Feature", "properties": { "NAME": "Kindergarten Tribschenstadt I", "ADRESSE": "Anna-Neumann-Gasse 5", "WEBSITE": "http:\/\/wartegg.vsluzern.ch\r\n", "GlobalId": "{2D28B439-DFDB-4A96-8F58-A45992A11451}" }, "geometry": { "type": "Point", "coordinates": [ 8.316315466747106, 47.044217604731159 ] } },
{ "type": "Feature", "properties": { "NAME": "Kindergarten Maihofstrasse", "ADRESSE": "Maihofstrasse 44", "WEBSITE": "http:\/\/maihof.vsluzern.ch", "GlobalId": "{3B12BBC8-5F31-4AA2-93C1-B3FD1E9EB7A0}" }, "geometry": { "type": "Point", "coordinates": [ 8.310467061570693, 47.063470638875181 ] } },
{ "type": "Feature", "properties": { "NAME": "Kindergarten Matt", "ADRESSE": "Matthof 3", "WEBSITE": "http:\/\/roennimoos.vsluzern.ch", "GlobalId": "{AFAB6119-542F-4762-9C70-30E5658D1B4A}" }, "geometry": { "type": "Point", "coordinates": [ 8.26831301533835, 47.051946204073857 ] } },
{ "type": "Feature", "properties": { "NAME": "Kindergarten Rönnimoos I + II", "ADRESSE": "Blattenmoosstrasse 5", "WEBSITE": "http:\/\/roennimoos.vsluzern.ch", "GlobalId": "{C345A648-74C6-4B5B-8F8D-53C5631C88E8}" }, "geometry": { "type": "Point", "coordinates": [ 8.273387450038911, 47.049976152668805 ] } },
{ "type": "Feature", "properties": { "NAME": "Kindergarten Grenzhof I + II", "ADRESSE": "Luzernerstrasse 5", "WEBSITE": "http:\/\/grenzhof.vsluzern.ch", "GlobalId": "{B63FDE50-FEC2-4280-A099-83754D1D94F1}" }, "geometry": { "type": "Point", "coordinates": [ 8.281207763187213, 47.05201362884511 ] } },
{ "type": "Feature", "properties": { "NAME": "Kindergarten Matthofring", "ADRESSE": "Matthofring 25a", "WEBSITE": "http:\/\/wartegg.vsluzern.ch", "GlobalId": "{1408D0D4-D46D-4209-9ACC-84F7C277115F}" }, "geometry": { "type": "Point", "coordinates": [ 8.331681241096989, 47.035549057525635 ] } },
{ "type": "Feature", "properties": { "NAME": "Kindergarten Sentihof", "ADRESSE": "Militärstrasse 51", "WEBSITE": "http:\/\/stkarli.vsluzern.ch", "GlobalId": "{D8B185D6-0DEC-4F1B-A699-343770D11699}" }, "geometry": { "type": "Point", "coordinates": [ 8.297357483896501, 47.053498437812948 ] } },
{ "type": "Feature", "properties": { "NAME": "Kindergarten Eichmatt", "ADRESSE": "Moosmattstrasse 44", "WEBSITE": "http:\/\/moosmatt.vsluzern.ch", "GlobalId": "{DB0FD781-B058-40FA-B952-E811F3A5DA98}" }, "geometry": { "type": "Point", "coordinates": [ 8.304449013665025, 47.038369465042059 ] } },
{ "type": "Feature", "properties": { "NAME": "Kindergarten Säli", "ADRESSE": "Pilatusstrasse 59", "WEBSITE": "http:\/\/saeli.vsluzern.ch", "GlobalId": "{44FA117A-6977-4CD6-A9CB-336AC980693E}" }, "geometry": { "type": "Point", "coordinates": [ 8.302206425212663, 47.046858932292935 ] } },
{ "type": "Feature", "properties": { "NAME": "Kindergarten Dorf", "ADRESSE": "Ritterstrasse 1", "WEBSITE": "http:\/\/littaudorf.vsluzern.ch", "GlobalId": "{0E0B9F96-F428-4A3D-B683-32F0BC6BEAF8}" }, "geometry": { "type": "Point", "coordinates": [ 8.259781443980261, 47.051778389855009 ] } },
{ "type": "Feature", "properties": { "NAME": "Kindergarten Ruopigenplatz 20", "ADRESSE": "Ruopigenplatz 20", "WEBSITE": "http:\/\/ruopigen.vsluzern.ch", "GlobalId": "{23EBD5B8-6A95-4D4F-9776-833A3C22B263}" }, "geometry": { "type": "Point", "coordinates": [ 8.274443068347788, 47.061374879121324 ] } },
{ "type": "Feature", "properties": { "NAME": "Kindergarten Ruopigenring 99", "ADRESSE": "Ruopigenring 99", "WEBSITE": "http:\/\/ruopigen.vsluzern.ch", "GlobalId": "{22AE444C-8F60-4D3C-A6E3-627987F54F2D}" }, "geometry": { "type": "Point", "coordinates": [ 8.270859801099974, 47.061345215228535 ] } },
{ "type": "Feature", "properties": { "NAME": "Kindergarten Ruopigenring 69", "ADRESSE": "Ruopigenring 69", "WEBSITE": "http:\/\/ruopigen.vsluzern.ch", "GlobalId": "{0194E8CD-2044-4A83-A838-DD4E29563FFB}" }, "geometry": { "type": "Point", "coordinates": [ 8.27221797855284, 47.061698784370378 ] } },
{ "type": "Feature", "properties": { "NAME": "Kindergarten St.Karli II", "ADRESSE": "Spitalstrasse 93", "WEBSITE": "http:\/\/stkarli.vsluzern.ch", "GlobalId": "{2D0FC4E0-6863-4F4D-AF7A-0D81FA1F1202}" }, "geometry": { "type": "Point", "coordinates": [ 8.292819191717701, 47.056161369511216 ] } },
{ "type": "Feature", "properties": { "NAME": "Kindergarten St.Karli I", "ADRESSE": "St. Karli Strasse 44", "WEBSITE": "http:\/\/stkarli.vsluzern.ch", "GlobalId": "{2D7425EE-CB63-4CFC-9CC2-B8382A29837F}" }, "geometry": { "type": "Point", "coordinates": [ 8.292138246654591, 47.056560022145575 ] } },
{ "type": "Feature", "properties": { "NAME": "Kindergarten Obermättli I + II", "ADRESSE": "Staffelnweg 3", "WEBSITE": "http:\/\/ruopigen.vsluzern.ch", "GlobalId": "{20731511-0F8D-4AA6-B092-DB81B9C67D37}" }, "geometry": { "type": "Point", "coordinates": [ 8.282819607582327, 47.063572678070237 ] } },
{ "type": "Feature", "properties": { "NAME": "Kindergarten Staldenhöhe", "ADRESSE": "Staldenhöhe 26", "WEBSITE": "http:\/\/ruopigen.vsluzern.ch", "GlobalId": "{41E85948-A040-418F-9B16-C9229A58C987}" }, "geometry": { "type": "Point", "coordinates": [ 8.272127809780073, 47.064431853377663 ] } },
{ "type": "Feature", "properties": { "NAME": "Kindergarten Allmend", "ADRESSE": "Thorenbergstrasse 41", "WEBSITE": "http:\/\/yellow.local.ch\/de\/d\/Luzern\/6014\/Kindergarten\/Allmend-kCMUvPQftEQFa4DzLjH3nw?what=Kindergarten&where=6014+Littau", "GlobalId": "{724B6BF7-4C7E-4ED1-95E0-9AC624AAC698}" }, "geometry": { "type": "Point", "coordinates": [ 8.256070887140096, 47.055410889390338 ] } },
{ "type": "Feature", "properties": { "NAME": "Kindergarten Moosmatt I + II", "ADRESSE": "Voltastrasse 34", "WEBSITE": "http:\/\/moosmatt.vsluzern.ch", "GlobalId": "{62B1D553-2EDC-4DF8-9E1D-4BA3BE12D92E}" }, "geometry": { "type": "Point", "coordinates": [ 8.30439638061158, 47.039510374326163 ] } },
{ "type": "Feature", "properties": { "NAME": "Kindergarten Wartegg I + II", "ADRESSE": "Warteggstrasse 11", "WEBSITE": "http:\/\/wartegg.vsluzern.ch", "GlobalId": "{0E891B17-CC1D-4F00-808F-FED222EED191}" }, "geometry": { "type": "Point", "coordinates": [ 8.326447059240509, 47.040763646693847 ] } },
{ "type": "Feature", "properties": { "NAME": "Kindergarten Hirschmatt", "ADRESSE": "Winkelriedstrasse 36", "WEBSITE": "http:\/\/saeli.vsluzern.ch", "GlobalId": "{83D80E92-4A0B-4FAF-A9B3-D8275F965147}" }, "geometry": { "type": "Point", "coordinates": [ 8.306545179269891, 47.047069297757766 ] } },
{ "type": "Feature", "properties": { "NAME": "Kindergarten Würzenbachmatte", "ADRESSE": "Würzenbachmatte 33", "WEBSITE": "http:\/\/wuerzenbach.vsluzern.ch", "GlobalId": "{88F174DA-040A-423F-A981-712E8A244B00}" }, "geometry": { "type": "Point", "coordinates": [ 8.348993112682585, 47.056738422311646 ] } },
{ "type": "Feature", "properties": { "NAME": "Kindergarten Hubelmatt I + II", "ADRESSE": "Zihlmattweg 2", "WEBSITE": "http:\/\/psk-hubelmatt.vsluzern.ch", "GlobalId": "{5FA79F63-EBED-4063-BB0A-B612A537FDAD}" }, "geometry": { "type": "Point", "coordinates": [ 8.307757692410339, 47.037329269276526 ] } },
{ "type": "Feature", "properties": { "NAME": "Kindergarten Neuhushof I + II", "ADRESSE": "Neuhaushof 3", "WEBSITE": "http:\/\/yellow.local.ch\/de\/d\/Luzern\/6014\/Kindergarten\/Neuhushof-I-und-II-8b1mp-w9GAdtqcOSDgHmvg?what=Kindergarten&where=6014+Littau", "GlobalId": "{04F133A8-BD1F-4B43-BB96-53DD896588DC}" }, "geometry": { "type": "Point", "coordinates": [ 8.261497584102953, 47.050142617398279 ] } },
{ "type": "Feature", "properties": { "NAME": "Kindergarten Udelboden I + II", "ADRESSE": "Udelbodenstrasse 70", "WEBSITE": "http:\/\/fluhmuehle.vsluzern.ch", "GlobalId": "{AE8F6290-ACB0-48CC-9224-875EFB1F028B}" }, "geometry": { "type": "Point", "coordinates": [ 8.281896643657312, 47.05483787803044 ] } },
{ "type": "Feature", "properties": { "NAME": "Kindergarten Fluhmühle I", "ADRESSE": "Fluhmühlerain 7", "WEBSITE": "http:\/\/fluhmuehle.vsluzern.ch", "GlobalId": "{6D7AD56D-3128-4C76-BDCC-9BB84D72BD65}" }, "geometry": { "type": "Point", "coordinates": [ 8.284631207415625, 47.056655586462824 ] } },
{ "type": "Feature", "properties": { "NAME": "Kindergarten Geissenstein", "ADRESSE": "Weinberglistrasse 55", "WEBSITE": "http:\/\/geissenstein.vsluzern.ch\/", "GlobalId": "{FAF55A0E-9220-4C4A-BFE0-ABE84A6FFDCA}" }, "geometry": { "type": "Point", "coordinates": [ 8.316893488915419, 47.039532856104273 ] } },
{ "type": "Feature", "properties": { "NAME": "Kindergarten Mattweg", "ADRESSE": "Mattweg 5", "WEBSITE": "http:\/\/yellow.local.ch\/de\/d\/Luzern\/6014\/Kindergarten\/Mattweg-5-ZP4Cy2cWBh2mmQf1Dr6qnQ?what=Kindergarten&where=6014+Littau", "GlobalId": "{5DB8F8A1-D7B0-4E58-BB6E-10AE6678F68F}" }, "geometry": { "type": "Point", "coordinates": [ 8.263144863002374, 47.050357938629602 ] } },
{ "type": "Feature", "properties": { "NAME": "Kindergarten Michaelshof", "ADRESSE": "Blattenmoosstrasse 8", "WEBSITE": "http:\/\/yellow.local.ch\/de\/d\/Luzern\/6014\/Kindergarten\/Michaelshof-FllUQo3tNL4IusZ5ArwVTQ?what=Kindergarten&where=6014+Littau", "GlobalId": "{3000B8EC-F9A4-43E9-85AB-E68C9D35EB08}" }, "geometry": { "type": "Point", "coordinates": [ 8.272730221308564, 47.050729372596209 ] } },
{ "type": "Feature", "properties": { "NAME": "Kindergarten Ruopigenplatz 1", "ADRESSE": "Ruopigenplatz 1", "WEBSITE": "http:\/\/ruopigen.vsluzern.ch", "GlobalId": "{5C9E4AE3-740F-471B-9C08-11C7A02B5399}" }, "geometry": { "type": "Point", "coordinates": [ 8.274306332894017, 47.062718990621711 ] } },
{ "type": "Feature", "properties": { "NAME": "Kindergarten Seefeld", "ADRESSE": "Seefeldstrasse 5", "WEBSITE": "http:\/\/yellow.local.ch\/de\/d\/Luzern\/6006\/Kindergarten\/Seefeld-ct7eATHMvN85IRu36gBncw?what=Kindergarten&where=6006+Luzern", "GlobalId": "{746A9802-EFD5-461F-979A-AAA02F250792}" }, "geometry": { "type": "Point", "coordinates": [ 8.34100341206477, 47.052330195191388 ] } },
{ "type": "Feature", "properties": { "NAME": "Kindergarten Steinhof Basistufe ", "ADRESSE": "Steinhofstrasse  50", "WEBSITE": "http:\/\/steinhof.vsluzern.ch\/", "GlobalId": "{2A86FCDC-E008-471C-9AF6-0C489D7A31C3}" }, "geometry": { "type": "Point", "coordinates": [ 8.296843211130575, 47.045146062639709 ] } },
{ "type": "Feature", "properties": { "NAME": "Kindergarten Steinhof Basistufe", "ADRESSE": "Steinhofstrasse  53", "WEBSITE": "http:\/\/steinhof.vsluzern.ch\/", "GlobalId": "{A443D8BA-FEAA-4910-8A62-38F648943ED6}" }, "geometry": { "type": "Point", "coordinates": [ 8.294962524881722, 47.045128988195763 ] } },
{ "type": "Feature", "properties": { "NAME": "Kindergarten Tribschenstadt II", "ADRESSE": "Anton-Julius-Eggstein-Gasse 5", "WEBSITE": "http:\/\/wartegg.vsluzern.ch", "GlobalId": "{04128C1F-D281-406C-B3CF-B0E290E647F9}" }, "geometry": { "type": "Point", "coordinates": [ 8.317437368930834, 47.043352671287217 ] } },
{ "type": "Feature", "properties": { "NAME": "Kindergarten Unterlöchli Basisstufe", "ADRESSE": "Unterlöchlistrasse 1", "WEBSITE": "http:\/\/www.unterloechli.vsluzern.ch\/", "GlobalId": "{EEB0A2D9-A4C2-4232-AAFA-76E585B41453}" }, "geometry": { "type": "Point", "coordinates": [ 8.321124812293208, 47.065644871542212 ] } },
{ "type": "Feature", "properties": { "NAME": "Kindergarten Unterlöchli Basisstufe ", "ADRESSE": "Unterlöchlistrasse 2", "WEBSITE": "http:\/\/www.unterloechli.vsluzern.ch\/", "GlobalId": "{A357F962-7AD3-43A7-BC3B-CB233E439D52}" }, "geometry": { "type": "Point", "coordinates": [ 8.322083239888647, 47.065991658540568 ] } },
{ "type": "Feature", "properties": { "NAME": "Kindergarten Utenberg Basisstufe", "ADRESSE": "Utenbergstrasse 3", "WEBSITE": "http:\/\/utenberg.vsluzern.ch\/", "GlobalId": "{D5DA2988-5B8C-48DF-B136-C25B21898BAA}" }, "geometry": { "type": "Point", "coordinates": [ 8.326052293521997, 47.061660658541598 ] } },
{ "type": "Feature", "properties": { "NAME": "Kindergarten Niedermatt Süd", "ADRESSE": "Cheerstrasse 13b", "WEBSITE": "http:\/\/tel.search.ch\/luzern\/cheerstrasse-13b\/niedermatt-sued", "GlobalId": "{E4351A06-2986-403E-BFA8-ECB23161519C}" }, "geometry": { "type": "Point", "coordinates": [ 8.257078227543969, 47.052469577330285 ] } },
{ "type": "Feature", "properties": { "NAME": "Sprachheilkindergarten Säli", "ADRESSE": "Bruchstrasse 77", "WEBSITE": "http:\/\/saeli.vsluzern.ch", "GlobalId": "{AAD76B40-0B13-41E3-911D-008AF6E4360E}" }, "geometry": { "type": "Point", "coordinates": [ 8.303342429218029, 47.04669637024049 ] } },
{ "type": "Feature", "properties": { "NAME": "Kindergarten Maihof", "ADRESSE": "Weggismattstrasse 7", "WEBSITE": "http:\/\/maihof.vsluzern.ch", "GlobalId": "{8C85CBF4-536B-44F5-8E6C-9ED2D130AD2C}" }, "geometry": { "type": "Point", "coordinates": [ 8.308833699321992, 47.063271567082879 ] } },
{ "type": "Feature", "properties": { "NAME": "Schulhaus Staffeln", "ADRESSE": "Obermättlistrasse 44", "WEBSITE": "https:\/\/staffeln.vsluzern.ch\/index.php", "GlobalId": "{C4FD7B4A-84D5-44C7-8126-154899DEB5D6}" }, "geometry": { "type": "Point", "coordinates": [ 8.280371561505785, 47.062513522855923 ] } }
]
}
