{
"type": "FeatureCollection",
"name": "CITYMAPS_PRIMARSCHULE",
"features": [
{ "type": "Feature", "properties": { "NAME": "Primarschule Grenzhof", "WEBSITE": "http:\/\/grenzhof.vsluzern.ch", "GlobalId": "{043B4BE8-224A-4EF7-AE8F-0B207BB3F7B4}" }, "geometry": { "type": "Point", "coordinates": [ 8.281217545039087, 47.051464938440404 ] } },
{ "type": "Feature", "properties": { "NAME": "Primarschule Büttenen Basisstufe", "WEBSITE": "https:\/\/buettenen.vsluzern.ch\/", "GlobalId": "{7502710E-8BB4-4BEC-83BA-65D7C6858725}" }, "geometry": { "type": "Point", "coordinates": [ 8.352981451465864, 47.053352006355261 ] } },
{ "type": "Feature", "properties": { "NAME": "Primarschule Felsberg", "WEBSITE": "http:\/\/felsberg.vsluzern.ch", "GlobalId": "{7065AA12-464C-42FE-B2D9-FDF7B9FC463A}" }, "geometry": { "type": "Point", "coordinates": [ 8.313899837300664, 47.058650312859427 ] } },
{ "type": "Feature", "properties": { "NAME": "Primarschule Fluhmühle", "WEBSITE": "http:\/\/fluhmuehle.vsluzern.ch", "GlobalId": "{7BCE43E3-4206-4947-B758-5774DECCD1D2}" }, "geometry": { "type": "Point", "coordinates": [ 8.284605722437879, 47.056314115602881 ] } },
{ "type": "Feature", "properties": { "NAME": "Primarschule Würzenbach", "WEBSITE": "http:\/\/wuerzenbach.vsluzern.ch", "GlobalId": "{1C2AF46B-08A5-40B2-A707-F3625A72AACB}" }, "geometry": { "type": "Point", "coordinates": [ 8.34317565682896, 47.053943088484452 ] } },
{ "type": "Feature", "properties": { "NAME": "Primarschule Maihof", "WEBSITE": "http:\/\/maihof.vsluzern.ch", "GlobalId": "{805B894B-C954-4EBF-A8FA-EC40D8F8D4C4}" }, "geometry": { "type": "Point", "coordinates": [ 8.308753216420957, 47.062534264378066 ] } },
{ "type": "Feature", "properties": { "NAME": "Primarschule Mariahilf", "WEBSITE": "http:\/\/mariahilf.vsluzern.ch", "GlobalId": "{D7780BF6-F22B-4E3A-90F3-C3E42B76C8FD}" }, "geometry": { "type": "Point", "coordinates": [ 8.305796084819084, 47.053641340742779 ] } },
{ "type": "Feature", "properties": { "NAME": "Primarschule Säli", "WEBSITE": "http:\/\/saeli.vsluzern.ch", "GlobalId": "{D33189D6-D78A-4FCD-976B-CC1200E13D10}" }, "geometry": { "type": "Point", "coordinates": [ 8.30234951444163, 47.046921643540308 ] } },
{ "type": "Feature", "properties": { "NAME": "Primarschule Littau Dorf", "WEBSITE": "http:\/\/littaudorf.vsluzern.ch", "GlobalId": "{046363EE-7160-4AC7-BACB-251AC745F3FD}" }, "geometry": { "type": "Point", "coordinates": [ 8.25985893388042, 47.052097031782914 ] } },
{ "type": "Feature", "properties": { "NAME": "Primarschule Rönnimoos", "WEBSITE": "http:\/\/roennimoos.vsluzern.ch", "GlobalId": "{DF02AC12-0927-46A8-A8A1-8158E971A1FD}" }, "geometry": { "type": "Point", "coordinates": [ 8.27534723135955, 47.050549135375476 ] } },
{ "type": "Feature", "properties": { "NAME": "Primarschule St.Karli", "WEBSITE": "http:\/\/stkarli.vsluzern.ch", "GlobalId": "{A7B856EC-CD59-480E-A57F-D6FF902F64F0}" }, "geometry": { "type": "Point", "coordinates": [ 8.291922582740353, 47.056552242330639 ] } },
{ "type": "Feature", "properties": { "NAME": "Primarschule Steinhof Basisstufe", "WEBSITE": "http:\/\/steinhof.vsluzern.ch", "GlobalId": "{0ABF08AB-31C7-4C21-B0F8-A071690214D4}" }, "geometry": { "type": "Point", "coordinates": [ 8.294898200149925, 47.045444042163602 ] } },
{ "type": "Feature", "properties": { "NAME": "Primarschule Unterlöchli Basisstufe", "WEBSITE": "http:\/\/unterloechli.vsluzern.ch", "GlobalId": "{1CE5BFF5-857F-4D8A-A897-4868C8EACE47}" }, "geometry": { "type": "Point", "coordinates": [ 8.322016300208007, 47.066140617807285 ] } },
{ "type": "Feature", "properties": { "NAME": "Primarschule Moosmatt", "WEBSITE": "http:\/\/moosmatt.vsluzern.ch", "GlobalId": "{E260B3BD-7036-44E6-8B74-98A0AC787A60}" }, "geometry": { "type": "Point", "coordinates": [ 8.304631036424633, 47.039546161088701 ] } },
{ "type": "Feature", "properties": { "NAME": "Primarschule Wartegg", "WEBSITE": "http:\/\/wartegg.vsluzern.ch", "GlobalId": "{1C16B921-4A4C-44AC-BF78-22503BF389E4}" }, "geometry": { "type": "Point", "coordinates": [ 8.326102015349528, 47.040882780338443 ] } },
{ "type": "Feature", "properties": { "NAME": "Primarschule Geissenstein", "WEBSITE": "http:\/\/geissenstein.vsluzern.ch", "GlobalId": "{2BE13226-8F49-4B93-9F12-3B03F14F64E1}" }, "geometry": { "type": "Point", "coordinates": [ 8.31648447451405, 47.039792331420244 ] } },
{ "type": "Feature", "properties": { "NAME": "Primarschule Hubelmatt", "WEBSITE": "http:\/\/psk-hubelmatt.vsluzern.ch", "GlobalId": "{A3D680AB-911C-4C98-97AB-6B4C021AF53A}" }, "geometry": { "type": "Point", "coordinates": [ 8.306152716717943, 47.036625612462139 ] } },
{ "type": "Feature", "properties": { "NAME": "Schulhaus Staffeln", "WEBSITE": "https:\/\/staffeln.vsluzern.ch\/index.php", "GlobalId": "{2BE3884D-3979-46AA-BAC2-8D09E7CFA459}" }, "geometry": { "type": "Point", "coordinates": [ 8.280351454827969, 47.062652452716954 ] } }
]
}
