{
"type": "FeatureCollection",
"name": "CITYMAPS_SEKUNDARSCHULE",
"features": [
{ "type": "Feature", "properties": { "NAME": "Sekundarschule Hubelmatt", "ADRESSE": "Zihlmattweg 2", "WEBSITE": "http:\/\/sek1-hubelmatt.vsluzern.ch", "GlobalId": "{8456C517-B00D-4403-A3CC-7314691542B5}", "BESCHREIBUNG": null }, "geometry": { "type": "Point", "coordinates": [ 8.3070834354567, 47.037047268894973 ] } },
{ "type": "Feature", "properties": { "NAME": "Sekundarschule Mariahilf", "ADRESSE": "Mariahilfgasse 4", "WEBSITE": "http:\/\/mariahilf.vsluzern.ch", "GlobalId": "{CDBE0DA2-A4A6-4153-A0C1-E5841E0AFF29}", "BESCHREIBUNG": null }, "geometry": { "type": "Point", "coordinates": [ 8.305695789006242, 47.054041914001147 ] } },
{ "type": "Feature", "properties": { "NAME": "Sekundarschule Matt", "ADRESSE": "Matthof 1", "WEBSITE": "http:\/\/matt.vsluzern.ch", "GlobalId": "{EEE0CC52-D461-4AE3-9F74-4DB3A33E8BC8}", "BESCHREIBUNG": null }, "geometry": { "type": "Point", "coordinates": [ 8.266841094507143, 47.051925182337918 ] } },
{ "type": "Feature", "properties": { "NAME": "Sekundarschule Tribschen", "ADRESSE": "Richard-Wagner-Weg 15", "WEBSITE": "http:\/\/sek1-tribschen.vsluzern.ch", "GlobalId": "{7BE5DAEA-CE8B-4D1E-9AE8-492998663E34}", "BESCHREIBUNG": null }, "geometry": { "type": "Point", "coordinates": [ 8.326380996851546, 47.040973332098147 ] } },
{ "type": "Feature", "properties": { "NAME": "Sekundarschule Utenberg", "ADRESSE": "Utenbergstrasse 3", "WEBSITE": "http:\/\/utenberg.vsluzern.ch", "GlobalId": "{BFB62246-B9D9-4162-A3F8-1FA5592B126C}", "BESCHREIBUNG": null }, "geometry": { "type": "Point", "coordinates": [ 8.326496005318477, 47.061647352248251 ] } },
{ "type": "Feature", "properties": { "NAME": "Schulhaus Ruopigen", "ADRESSE": "Ruopigenring 100", "WEBSITE": "https:\/\/staffeln.vsluzern.ch\/", "GlobalId": "{07D52DEB-C6A1-48D7-BD8E-476BF46FC230}", "BESCHREIBUNG": "Wurde Anfang 2021 von einem Primar- in ein Sekundarschulhaus umfunktioniert. Die Primarschüler gehen seit Sommer 2020 in das Schulhaus Staffeln." }, "geometry": { "type": "Point", "coordinates": [ 8.272699494913436, 47.060979499821428 ] } }
]
}
