{
"type": "FeatureCollection",
"name": "CITYMAPS_SPIELPLATZ",
"features": [
{ "type": "Feature", "properties": { "NAME": "Spielplatz Bodenhofterrasse" }, "geometry": { "type": "Point", "coordinates": [ 8.318831168967369, 47.037649893838662 ] } },
{ "type": "Feature", "properties": { "NAME": "Spielplatz Bleicherstrasse" }, "geometry": { "type": "Point", "coordinates": [ 8.306711487359538, 47.043889953813796 ] } },
{ "type": "Feature", "properties": { "NAME": "Spielplatz Sagenmattrain" }, "geometry": { "type": "Point", "coordinates": [ 8.286200801138945, 47.053639969853279 ] } },
{ "type": "Feature", "properties": { "NAME": "Spielplatz Allmend" }, "geometry": { "type": "Point", "coordinates": [ 8.253643672499496, 47.056140310821228 ] } },
{ "type": "Feature", "properties": { "NAME": "Spielplatz Grenzhof" }, "geometry": { "type": "Point", "coordinates": [ 8.282076105714928, 47.051863236368739 ] } },
{ "type": "Feature", "properties": { "NAME": "Spielplatz Widli" }, "geometry": { "type": "Point", "coordinates": [ 8.27301519423203, 47.048836697831042 ] } },
{ "type": "Feature", "properties": { "NAME": "Spielplatz Matt" }, "geometry": { "type": "Point", "coordinates": [ 8.265099069979009, 47.050594254227896 ] } },
{ "type": "Feature", "properties": { "NAME": "Spielplatz Libellenrain-Mozartstrasse" }, "geometry": { "type": "Point", "coordinates": [ 8.306144091924477, 47.064174454464982 ] } },
{ "type": "Feature", "properties": { "NAME": "Spielplatz Steinenstrasse" }, "geometry": { "type": "Point", "coordinates": [ 8.308952090071067, 47.060167165954908 ] } },
{ "type": "Feature", "properties": { "NAME": "Spielplatz Musegg" }, "geometry": { "type": "Point", "coordinates": [ 8.307628776283456, 47.054755555881812 ] } },
{ "type": "Feature", "properties": { "NAME": "Spielplatz Carl-Spitteler-Quai (Spitteler Terrasse)" }, "geometry": { "type": "Point", "coordinates": [ 8.323376105393557, 47.055185845889753 ] } },
{ "type": "Feature", "properties": { "NAME": "Spielplatz Alter Friedhof" }, "geometry": { "type": "Point", "coordinates": [ 8.316417347821185, 47.056792345852358 ] } },
{ "type": "Feature", "properties": { "NAME": "Spielplatz Churchill-Quai" }, "geometry": { "type": "Point", "coordinates": [ 8.342518552837463, 47.047465971726119 ] } },
{ "type": "Feature", "properties": { "NAME": "Spielplatz Richard-Wagner-Museum" }, "geometry": { "type": "Point", "coordinates": [ 8.330607713755027, 47.042129394251717 ] } },
{ "type": "Feature", "properties": { "NAME": "Spielplatz Fluhgrund" }, "geometry": { "type": "Point", "coordinates": [ 8.307064724359027, 47.060558356014702 ] } },
{ "type": "Feature", "properties": { "NAME": "Spielplatz Täschmattstrasse" }, "geometry": { "type": "Point", "coordinates": [ 8.280748560056512, 47.06515052337457 ] } },
{ "type": "Feature", "properties": { "NAME": "Spielplatz Lindenstrasse" }, "geometry": { "type": "Point", "coordinates": [ 8.284964176585694, 47.059018421949482 ] } },
{ "type": "Feature", "properties": { "NAME": "Spielplatz Stollbergstrasse" }, "geometry": { "type": "Point", "coordinates": [ 8.286023597375802, 47.055368659950645 ] } },
{ "type": "Feature", "properties": { "NAME": "Spielplatz Heitereweid" }, "geometry": { "type": "Point", "coordinates": [ 8.284936356062483, 47.061551716556359 ] } },
{ "type": "Feature", "properties": { "NAME": "Spielplatz Obermättliweg" }, "geometry": { "type": "Point", "coordinates": [ 8.282244949895656, 47.062845215217131 ] } },
{ "type": "Feature", "properties": { "NAME": "Spielplatz Dammgärtli" }, "geometry": { "type": "Point", "coordinates": [ 8.292359825625006, 47.054713114364503 ] } },
{ "type": "Feature", "properties": { "NAME": "Spielplatz Bruchmatttobel" }, "geometry": { "type": "Point", "coordinates": [ 8.296566288019632, 47.0465106517103 ] } },
{ "type": "Feature", "properties": { "NAME": "Spielplatz Hochrüti" }, "geometry": { "type": "Point", "coordinates": [ 8.308725763200119, 47.036325855929732 ] } },
{ "type": "Feature", "properties": { "NAME": "Spielplatz Sternau" }, "geometry": { "type": "Point", "coordinates": [ 8.312180519358858, 47.038386775326018 ] } },
{ "type": "Feature", "properties": { "NAME": "Spielplatz Hirtenhof\/ Generationenpark" }, "geometry": { "type": "Point", "coordinates": [ 8.327404795172951, 47.033330770975994 ] } },
{ "type": "Feature", "properties": { "NAME": "Spielplatz Wettsteinpark" }, "geometry": { "type": "Point", "coordinates": [ 8.302744581311615, 47.055716836287438 ] } },
{ "type": "Feature", "properties": { "NAME": "Spielplatz Rebhalde" }, "geometry": { "type": "Point", "coordinates": [ 8.302462816941356, 47.053384586620169 ] } },
{ "type": "Feature", "properties": { "NAME": "Spielplatz Wartegg Kindergarten (Richard-Wagner-Weg)" }, "geometry": { "type": "Point", "coordinates": [ 8.327687483044073, 47.041004818117685 ] } },
{ "type": "Feature", "properties": { "NAME": "Spielplatz Skateranlage Littau" }, "geometry": { "type": "Point", "coordinates": [ 8.271151947642954, 47.057725516509755 ] } },
{ "type": "Feature", "properties": { "NAME": "Spielplatz Neuhushof" }, "geometry": { "type": "Point", "coordinates": [ 8.260550968564409, 47.050161414274505 ] } },
{ "type": "Feature", "properties": { "NAME": "Spielplatz Längweiher" }, "geometry": { "type": "Point", "coordinates": [ 8.275213224626906, 47.053353769252453 ] } },
{ "type": "Feature", "properties": { "NAME": "Spielplatz Staffelntäli" }, "geometry": { "type": "Point", "coordinates": [ 8.278513969669261, 47.061770050688423 ] } },
{ "type": "Feature", "properties": { "NAME": "Spielplatz Inseli" }, "geometry": { "type": "Point", "coordinates": [ 8.314576861900738, 47.049350223806812 ] } },
{ "type": "Feature", "properties": { "NAME": "Spielplatz Libellenstrasse" }, "geometry": { "type": "Point", "coordinates": [ 8.303885687325533, 47.062235142295002 ] } },
{ "type": "Feature", "properties": { "NAME": "Spielplatz Gopplismoos Jugiweg" }, "geometry": { "type": "Point", "coordinates": [ 8.302985886796552, 47.062779786506262 ] } },
{ "type": "Feature", "properties": { "NAME": "Spielplatz Staldenhöhe" }, "geometry": { "type": "Point", "coordinates": [ 8.27198257920907, 47.063994791078024 ] } },
{ "type": "Feature", "properties": { "NAME": "Spielplatz Nationalquai" }, "geometry": { "type": "Point", "coordinates": [ 8.318872088553871, 47.055018056588132 ] } },
{ "type": "Feature", "properties": { "NAME": "Spielplatz Zwyssigplatz" }, "geometry": { "type": "Point", "coordinates": [ 8.318806015086821, 47.062709903659488 ] } },
{ "type": "Feature", "properties": { "NAME": "Spielplatz Hünenbergring" }, "geometry": { "type": "Point", "coordinates": [ 8.315916628388704, 47.065180360692032 ] } },
{ "type": "Feature", "properties": { "NAME": "Spielplatz Rotsee" }, "geometry": { "type": "Point", "coordinates": [ 8.31070449072576, 47.066931332671444 ] } },
{ "type": "Feature", "properties": { "NAME": "Spielplatz Lido" }, "geometry": { "type": "Point", "coordinates": [ 8.33588720586517, 47.050483334496946 ] } },
{ "type": "Feature", "properties": { "NAME": "Spielplatz Rothen" }, "geometry": { "type": "Point", "coordinates": [ 8.275134892290618, 47.067803756427821 ] } },
{ "type": "Feature", "properties": { "NAME": "Spielplatz Reusszopf" }, "geometry": { "type": "Point", "coordinates": [ 8.284677803734237, 47.065081026835024 ] } },
{ "type": "Feature", "properties": { "NAME": "Spielplatz St.-Anton" }, "geometry": { "type": "Point", "coordinates": [ 8.323563932333688, 47.039518840279243 ] } },
{ "type": "Feature", "properties": { "NAME": "Spielplatz Grünauring" }, "geometry": { "type": "Point", "coordinates": [ 8.256192267002779, 47.053798214953858 ] } },
{ "type": "Feature", "properties": { "NAME": "Spielplatz Hochhüsliweid" }, "geometry": { "type": "Point", "coordinates": [ 8.352911656617158, 47.058647130403564 ] } },
{ "type": "Feature", "properties": { "NAME": "Spielplatz Tribschen Strandbad" }, "geometry": { "type": "Point", "coordinates": [ 8.328751322528126, 47.040279841820457 ] } },
{ "type": "Feature", "properties": { "NAME": "Spielplatz Gartenheim" }, "geometry": { "type": "Point", "coordinates": [ 8.322104105971038, 47.064808089309366 ] } },
{ "type": "Feature", "properties": { "NAME": "Spielplatz Lindengarten" }, "geometry": { "type": "Point", "coordinates": [ 8.303379408812852, 47.044114636736424 ] } },
{ "type": "Feature", "properties": { "NAME": "Spielplatz Seehüsli" }, "geometry": { "type": "Point", "coordinates": [ 8.299714021689544, 47.062956313702642 ] } },
{ "type": "Feature", "properties": { "NAME": "Spielplatz Sempachergarten" }, "geometry": { "type": "Point", "coordinates": [ 8.308115179245652, 47.048680164968459 ] } },
{ "type": "Feature", "properties": { "NAME": "Spielplatz Militärstrasse" }, "geometry": { "type": "Point", "coordinates": [ 8.297456092642719, 47.05362579683738 ] } },
{ "type": "Feature", "properties": { "NAME": "Spielplatz Wesemlinrain" }, "geometry": { "type": "Point", "coordinates": [ 8.310155378667893, 47.05934714773138 ] } },
{ "type": "Feature", "properties": { "NAME": "Spielplatz Wey" }, "geometry": { "type": "Point", "coordinates": [ 8.312637031587808, 47.055969397643835 ] } },
{ "type": "Feature", "properties": { "NAME": "Spielplatz Zimmeregg-Badi" }, "geometry": { "type": "Point", "coordinates": [ 8.277514822202212, 47.056510550265408 ] } },
{ "type": "Feature", "properties": { "NAME": "Spielplatz Hinterwürzenbach" }, "geometry": { "type": "Point", "coordinates": [ 8.353064963930771, 47.057274018105318 ] } },
{ "type": "Feature", "properties": { "NAME": "Spielplatz Littau Dorf Sportplatz" }, "geometry": { "type": "Point", "coordinates": [ 8.259608539347491, 47.052782812109335 ] } },
{ "type": "Feature", "properties": { "NAME": "Spielplatz Zimmeregg-Vitaparcours" }, "geometry": { "type": "Point", "coordinates": [ 8.27888665548107, 47.057159343897531 ] } },
{ "type": "Feature", "properties": { "NAME": "Spielplatz Felsbergterasse" }, "geometry": { "type": "Point", "coordinates": [ 8.314035257317544, 47.057747567133084 ] } },
{ "type": "Feature", "properties": { "NAME": "Spielplatz Brüelmatte" }, "geometry": { "type": "Point", "coordinates": [ 8.341464219272764, 47.054617462425981 ] } }
]
}
